{
  "text": " That will be mine one day. What is it? I'm pretty sure it's a Lambo, dude. Oh, oh, he wrecked, oh!",
  "segments": [
    {
      "id": 0,
      "seek": 0,
      "start": 0.0,
      "end": 4.0,
      "text": " That will be mine one day.",
      "tokens": [
        50364,
        663,
        486,
        312,
        3892,
        472,
        786,
        13,
        50564
      ],
      "temperature": 0.0,
      "avg_logprob": -0.5038201468331474,
      "compression_ratio": 1.053763440860215,
      "no_speech_prob": 0.17256510257720947
    },
    {
      "id": 1,
      "seek": 0,
      "start": 4.0,
      "end": 6.0,
      "text": " What is it?",
      "tokens": [
        50564,
        708,
        307,
        309,
        30,
        50664
      ],
      "temperature": 0.0,
      "avg_logprob": -0.5038201468331474,
      "compression_ratio": 1.053763440860215,
      "no_speech_prob": 0.17256510257720947
    },
    {
      "id": 2,
      "seek": 0,
      "start": 6.0,
      "end": 8.0,
      "text": " I'm pretty sure it's a Lambo, dude.",
      "tokens": [
        50664,
        286,
        478,
        1238,
        988,
        309,
        311,
        257,
        18825,
        1763,
        11,
        6449,
        13,
        50764
      ],
      "temperature": 0.0,
      "avg_logprob": -0.5038201468331474,
      "compression_ratio": 1.053763440860215,
      "no_speech_prob": 0.17256510257720947
    },
    {
      "id": 3,
      "seek": 0,
      "start": 8.0,
      "end": 11.0,
      "text": " Oh, oh, he wrecked, oh!",
      "tokens": [
        50764,
        876,
        11,
        1954,
        11,
        415,
        21478,
        292,
        11,
        1954,
        0,
        50914
      ],
      "temperature": 0.0,
      "avg_logprob": -0.5038201468331474,
      "compression_ratio": 1.053763440860215,
      "no_speech_prob": 0.17256510257720947
    }
  ],
  "language": "en"
}