{
  "text": " Hey Kyle, the old memes are getting a little stale. You got anything new for me? Just use a recently taken picture and throw some funny text that's mildly relatable on it. Perfect! It's versatile and low effort. You're a fucking genius, Kyle!",
  "segments": [
    {
      "id": 0,
      "seek": 0,
      "start": 0.0,
      "end": 4.0,
      "text": " Hey Kyle, the old memes are getting a little stale. You got anything new for me?",
      "tokens": [
        50364,
        1911,
        18023,
        11,
        264,
        1331,
        29730,
        366,
        1242,
        257,
        707,
        342,
        1220,
        13,
        509,
        658,
        1340,
        777,
        337,
        385,
        30,
        50564
      ],
      "temperature": 0.0,
      "avg_logprob": -0.26801990327380953,
      "compression_ratio": 1.3828571428571428,
      "no_speech_prob": 0.04738911986351013
    },
    {
      "id": 1,
      "seek": 0,
      "start": 4.0,
      "end": 9.0,
      "text": " Just use a recently taken picture and throw some funny text that's mildly relatable on it.",
      "tokens": [
        50564,
        1449,
        764,
        257,
        3938,
        2726,
        3036,
        293,
        3507,
        512,
        4074,
        2487,
        300,
        311,
        15154,
        356,
        42355,
        322,
        309,
        13,
        50814
      ],
      "temperature": 0.0,
      "avg_logprob": -0.26801990327380953,
      "compression_ratio": 1.3828571428571428,
      "no_speech_prob": 0.04738911986351013
    },
    {
      "id": 2,
      "seek": 0,
      "start": 9.0,
      "end": 14.0,
      "text": " Perfect! It's versatile and low effort. You're a fucking genius, Kyle!",
      "tokens": [
        50814,
        10246,
        0,
        467,
        311,
        25057,
        293,
        2295,
        4630,
        13,
        509,
        434,
        257,
        5546,
        14017,
        11,
        18023,
        0,
        51064
      ],
      "temperature": 0.0,
      "avg_logprob": -0.26801990327380953,
      "compression_ratio": 1.3828571428571428,
      "no_speech_prob": 0.04738911986351013
    }
  ],
  "language": "en"
}