{
  "text": " Hey Geordie, my friend Candice passed away this week, but your streams have been helping me smile again. Thank you for everything I'm sorry to hear that man. Chails will you just f__k off and take a moment of silence? Candice dick fit in your mouth lolololololololololol density candidate stack fit in your mouth lololololololololololololololololololololololololonal",
  "segments": [
    {
      "id": 0,
      "seek": 0,
      "start": 0.92,
      "end": 7.72,
      "text": " Hey Geordie, my friend Candice passed away this week, but your streams have been helping me smile again. Thank you for everything",
      "tokens": [
        50410,
        1911,
        2876,
        765,
        414,
        11,
        452,
        1277,
        20466,
        573,
        4678,
        1314,
        256,
        18300,
        1243,
        11,
        457,
        428,
        2242,
        4070,
        362,
        668,
        4315,
        385,
        262,
        44927,
        797,
        13,
        1044,
        291,
        337,
        1203,
        50750
      ],
      "temperature": 1.0,
      "avg_logprob": -1.2700547438401442,
      "compression_ratio": 1.7941176470588236,
      "no_speech_prob": 0.5918415188789368
    },
    {
      "id": 1,
      "seek": 0,
      "start": 7.72,
      "end": 10.5,
      "text": " I'm sorry to hear that man. Chails will you just f__k off and take a moment of silence?",
      "tokens": [
        50750,
        286,
        478,
        2597,
        281,
        1568,
        43614,
        83,
        463,
        77,
        13,
        383,
        48909,
        82,
        26393,
        285,
        291,
        445,
        283,
        10852,
        74,
        766,
        293,
        747,
        257,
        1623,
        295,
        12239,
        30,
        50889
      ],
      "temperature": 1.0,
      "avg_logprob": -1.2700547438401442,
      "compression_ratio": 1.7941176470588236,
      "no_speech_prob": 0.5918415188789368
    },
    {
      "id": 2,
      "seek": 0,
      "start": 15.06,
      "end": 19.400000000000002,
      "text": " Candice dick fit in your mouth lolololololololololol",
      "tokens": [
        51117,
        20466,
        573,
        18659,
        3318,
        294,
        428,
        4525,
        10065,
        401,
        401,
        401,
        401,
        401,
        401,
        401,
        401,
        401,
        51334
      ],
      "temperature": 1.0,
      "avg_logprob": -1.2700547438401442,
      "compression_ratio": 1.7941176470588236,
      "no_speech_prob": 0.5918415188789368
    },
    {
      "id": 3,
      "seek": 0,
      "start": 20.580000000000002,
      "end": 26.32,
      "text": " density candidate stack fit in your mouth lololololololololololololololololololololololololonal",
      "tokens": [
        51393,
        10305,
        11532,
        8630,
        3318,
        294,
        428,
        4525,
        10065,
        401,
        401,
        401,
        401,
        401,
        401,
        401,
        401,
        401,
        401,
        401,
        401,
        401,
        401,
        401,
        401,
        401,
        401,
        401,
        401,
        401,
        401,
        401,
        21523,
        51680
      ],
      "temperature": 1.0,
      "avg_logprob": -1.2700547438401442,
      "compression_ratio": 1.7941176470588236,
      "no_speech_prob": 0.5918415188789368
    }
  ],
  "language": "en"
}