{
  "text": " I got the horses in the bag horse stock is attached And it's mad it black got the boosters black to match Riding on a horse you can whip your horse. I've been in the valley you ain't been up off that horse now Can't nobody tell me nothing",
  "segments": [
    {
      "id": 0,
      "seek": 0,
      "start": 0.0,
      "end": 6.32,
      "text": " I got the horses in the bag horse stock is attached",
      "tokens": [
        50364,
        286,
        658,
        264,
        13112,
        294,
        264,
        3411,
        6832,
        4127,
        307,
        8570,
        50680
      ],
      "temperature": 0.0,
      "avg_logprob": -0.6088914724496695,
      "compression_ratio": 1.5555555555555556,
      "no_speech_prob": 0.4927041828632355
    },
    {
      "id": 1,
      "seek": 0,
      "start": 6.640000000000001,
      "end": 9.84,
      "text": " And it's mad it black got the boosters black to match",
      "tokens": [
        50696,
        400,
        309,
        311,
        5244,
        309,
        2211,
        658,
        264,
        748,
        40427,
        2211,
        281,
        2995,
        50856
      ],
      "temperature": 0.0,
      "avg_logprob": -0.6088914724496695,
      "compression_ratio": 1.5555555555555556,
      "no_speech_prob": 0.4927041828632355
    },
    {
      "id": 2,
      "seek": 0,
      "start": 10.44,
      "end": 17.240000000000002,
      "text": " Riding on a horse you can whip your horse. I've been in the valley you ain't been up off that horse now",
      "tokens": [
        50886,
        497,
        2819,
        322,
        257,
        6832,
        291,
        393,
        22377,
        428,
        6832,
        13,
        286,
        600,
        668,
        294,
        264,
        17636,
        291,
        7862,
        380,
        668,
        493,
        766,
        300,
        6832,
        586,
        51226
      ],
      "temperature": 0.0,
      "avg_logprob": -0.6088914724496695,
      "compression_ratio": 1.5555555555555556,
      "no_speech_prob": 0.4927041828632355
    },
    {
      "id": 3,
      "seek": 0,
      "start": 17.240000000000002,
      "end": 19.240000000000002,
      "text": " Can't nobody tell me nothing",
      "tokens": [
        51226,
        1664,
        380,
        5079,
        980,
        385,
        1825,
        51326
      ],
      "temperature": 0.0,
      "avg_logprob": -0.6088914724496695,
      "compression_ratio": 1.5555555555555556,
      "no_speech_prob": 0.4927041828632355
    }
  ],
  "language": "en"
}